Domain,Status,Attractiveness,Demand,Length,Sectors,Created,Expires,Registrar
one.cooking,available,132,44%,3,"Business,General,Media,Technology",,,
brief.cooking,available,124,19%,5,"Business,Education,General,Law",,,
complete.cooking,available,120,21%,8,"Manufacturing,Retail,Technology",,,
second.cooking,available,120,23%,6,"General,Mathematics",,,
wizard.cooking,available,118,42%,6,"Entertainment,Media,Technology",,,
tenth.cooking,available,116,7%,5,Mathematics,,,
equal.cooking,available,116,19%,5,"Education,General,Law",,,
flat.cooking,available,116,24%,4,"Construction,Real Estate",,,
tonic.cooking,available,114,22%,5,"Health and Fitness,Medicine,Science",,,
above.cooking,available,112,22%,5,Business,,,
acute.cooking,available,112,9%,5,"Mathematics,Medicine,Science",,,
zero.cooking,available,112,49%,4,Mathematics,,,
hotshot.cooking,available,112,14%,7,"Business,Entertainment,Sports",,,
abstract.cooking,available,108,29%,8,"Arts,Humanities,Science",,,
abiding.cooking,available,106,5%,7,"General,Religion",,,
active.cooking,available,104,27%,6,"Health and Fitness,Sports,Travel",,,
teen.cooking,available,104,14%,4,"Education,Entertainment,Healthcare",,,
expert.cooking,available,104,26%,6,"Business,Education,Technology",,,
captive.cooking,available,102,14%,7,"Entertainment,Hospitality,Technology",,,
absent.cooking,available,102,8%,6,"Business,Education,Technology",,,
extra.cooking,available,102,26%,5,"Fashion,Retail,Technology",,,
eight.cooking,available,102,23%,5,"General,Mathematics",,,
whiz.cooking,available,100,12%,4,"Business,Education,Technology",,,
remove.cooking,available,100,13%,6,"Construction,Manufacturing,Technology",,,
crack.cooking,available,100,20%,5,Sports,,,
abrupt.cooking,available,100,3%,6,"Medicine,Science",,,
ninth.cooking,available,100,9%,5,Mathematics,,,
eighth.cooking,available,100,6%,6,Mathematics,,,
sixth.cooking,available,100,8%,5,Mathematics,,,
adjunct.cooking,available,100,5%,7,Education,,,
third.cooking,available,100,16%,5,Mathematics,,,
genius.cooking,available,98,46%,6,"Arts,Education,Technology",,,
whizz.cooking,available,98,11%,5,"Business,Education,Technology",,,
forgiving.cooking,available,96,3%,9,"Healthcare,Religion",,,
actual.cooking,available,96,22%,6,"Real Estate,Retail,Technology",,,
alamode.cooking,available,96,12%,9,Fashion,,,
academic.cooking,available,96,20%,8,"Education,Humanities,Science",,,
doable.cooking,available,96,9%,6,"Business,Education,Technology",,,
around.cooking,available,94,22%,6,"Business,General,Media,Technology",,,
adequate.cooking,available,94,9%,8,"Education,Healthcare,Technology",,,
virtuoso.cooking,available,94,16%,8,"Arts,Entertainment",,,
abject.cooking,available,94,7%,6,Humanities,,,
next.cooking,available,92,43%,4,"Retail,Technology,Transportation",,,
exemplary.cooking,available,92,5%,9,"Business,Education,Healthcare",,,
twentieth.cooking,available,92,3%,9,Mathematics,,,
nought.cooking,available,92,4%,6,Mathematics,,,
abroad.cooking,available,92,12%,6,"Hospitality,Travel",,,
adjective.cooking,available,92,5%,9,Education,,,
adept.cooking,available,92,24%,5,"Education,Health and Fitness,Sports",,,
derelict.cooking,available,92,7%,8,"Construction,Real Estate",,,
neutral.cooking,available,92,20%,7,"Business,Media,Politics",,,
gripping.cooking,available,90,3%,8,"Entertainment,Media,Technology",,,
riveting.cooking,available,90,6%,8,"Entertainment,Media,Technology",,,
abortive.cooking,available,90,1%,8,"Medicine,Science",,,
endearing.cooking,available,90,1%,9,"Entertainment,Fashion,Retail",,,
leash.cooking,available,90,7%,5,"General,Health and Fitness,Retail",,,
additional.cooking,available,90,8%,10,"Fashion,Retail,Technology",,,
addictive.cooking,available,90,9%,9,Healthcare,,,
adoring.cooking,available,90,2%,7,"Entertainment,Fashion,Retail",,,
hundred.cooking,available,88,14%,7,Mathematics,,,
fifteen.cooking,available,88,13%,7,Mathematics,,,
twelve.cooking,available,88,18%,6,"General,Mathematics",,,
ace.cooking,available,88,34%,3,Sports,,,
adlib.cooking,available,88,7%,6,Entertainment,,,
actionable.cooking,available,88,13%,10,"Business,Law",,,
ten.cooking,available,88,28%,3,"General,Mathematics",,,
sixteen.cooking,available,88,11%,7,Mathematics,,,
wide.cooking,available,88,18%,4,"Business,Media,Technology",,,
eleven.cooking,available,88,33%,6,Mathematics,,,
proficient.cooking,available,88,8%,10,"Education,Health and Fitness,Sports",,,
activist.cooking,available,88,12%,8,"Humanities,Politics",,,
three.cooking,available,88,24%,5,Mathematics,,,
intent.cooking,available,86,25%,6,"Business,Education,Technology",,,
star.cooking,available,86,40%,4,"Entertainment,Media,Sports",,,
extempore.cooking,available,86,3%,9,Entertainment,,,
aboriginal.cooking,available,86,10%,10,Humanities,,,
xix.cooking,available,86,11%,3,Mathematics,,,
cipher.cooking,available,86,29%,6,Mathematics,,,
adolescent.cooking,available,86,3%,10,"Education,Entertainment,Healthcare",,,
engrossing.cooking,available,86,0%,10,"Entertainment,Media,Technology",,,
recondite.cooking,available,86,4%,9,"Arts,Humanities,Science",,,
attendant.cooking,available,86,5%,9,"Healthcare,Hospitality,Transportation",,,
xiv.cooking,available,86,12%,3,Mathematics,,,
sharp.cooking,available,84,34%,5,"Arts,Fashion",,,
accessory.cooking,available,84,8%,9,"Fashion,Retail,Technology",,,
nineteen.cooking,available,84,8%,8,Mathematics,,,
seventeen.cooking,available,84,7%,9,Mathematics,,,
thousand.cooking,available,84,8%,8,Mathematics,,,
grand.cooking,available,84,25%,5,"Finance,General",,,
twentyone.cooking,available,84,13%,10,Mathematics,,,
thirteen.cooking,available,84,10%,8,Mathematics,,,
twentytwo.cooking,available,84,11%,10,Mathematics,,,
fourteen.cooking,available,84,8%,8,Mathematics,,,
acting.cooking,available,84,12%,6,Entertainment,,,
deviate.cooking,available,84,12%,7,"Medicine,Science",,,
adjustable.cooking,available,84,3%,10,"Manufacturing,Retail,Technology",,,
dozen.cooking,available,82,10%,5,Mathematics,,,
abdominal.cooking,available,82,1%,9,"Health and Fitness,Medicine",,,
abkhaz.cooking,available,82,1%,6,Geography,,,
impromptu.cooking,available,82,16%,9,Entertainment,,,
absorbent.cooking,available,82,3%,9,"Healthcare,Manufacturing,Retail",,,
enduring.cooking,available,82,9%,8,"Health and Fitness,Religion",,,
fivesome.cooking,available,82,1%,8,Sports,,,
abenaki.cooking,available,82,2%,7,Geography,,,
good.cooking,resell,82,47%,4,"Food and Beverage,General,Health and Fitness,Retail",15/10/2024 04:03,15/10/2025 04:03,Porkbun
abroach.cooking,available,82,1%,7,Food and Beverage,,,
cleansing.cooking,available,82,3%,9,Health and Fitness,,,
decade.cooking,available,82,10%,6,Mathematics,,,
absolute.cooking,available,80,25%,8,"Engineering,Mathematics,Science",,,
trio.cooking,available,80,21%,4,Entertainment,,,
worshipful.cooking,available,80,1%,10,"Education,Healthcare,Religion",,,
absorbable.cooking,available,80,0%,10,"Healthcare,Pharmaceuticals,Science",,,
dorsal.cooking,available,80,6%,6,"Medicine,Science",,,
yard.cooking,available,80,26%,4,"Construction,General",,,
forty.cooking,available,80,9%,5,Mathematics,,,
adoptable.cooking,available,80,3%,9,"Education,Healthcare",,,
first.cooking,available,80,36%,5,"General,Mathematics",,,
two.cooking,available,80,24%,3,Mathematics,,,
twenty.cooking,available,80,12%,6,Mathematics,,,
absurd.cooking,available,80,16%,6,"Arts,Entertainment,Media",,,
capable.cooking,available,80,12%,7,"Business,Education,Technology",,,
nine.cooking,available,80,24%,4,"General,Mathematics",,,
superstar.cooking,available,80,18%,9,Entertainment,,,
able.cooking,available,80,29%,4,"Business,Education,General,Technology",,,
wiz.cooking,available,80,30%,3,"Business,Education,Technology",,,
seventh.cooking,available,80,10%,7,Mathematics,,,
sequent.cooking,available,80,7%,7,"Healthcare,Insurance,Transportation",,,
some.cooking,available,80,32%,4,"Business,Media,Retail",,,
abundant.cooking,available,80,19%,8,"Agriculture,Manufacturing,Retail",,,
abounding.cooking,available,78,2%,9,Agriculture,,,
accepted.cooking,available,78,6%,8,"Business,Education,Technology",,,
sixtynine.cooking,available,78,8%,10,Mathematics,,,
abkhasian.cooking,available,78,1%,9,Geography,,,
adjacent.cooking,available,78,9%,8,"Construction,Real Estate,Retail",,,
recognised.cooking,available,78,3%,10,"Business,Education,Technology",,,
twentysix.cooking,available,78,8%,10,Mathematics,,,
honestly.cooking,available,78,9%,8,"Business,Law",,,
accidental.cooking,available,78,11%,10,"Healthcare,Insurance,Transportation",,,
adrenal.cooking,available,78,4%,7,"Education,Healthcare,Science",,,
adorable.cooking,available,78,8%,8,"Entertainment,Fashion,Retail",,,
low.cooking,available,78,20%,3,"Business,Finance",,,
absorptive.cooking,available,78,1%,10,"Healthcare,Manufacturing,Retail",,,
acceptable.cooking,available,78,5%,10,"Business,Hospitality,Retail",,,
abkhazian.cooking,available,78,1%,9,Geography,,,
recognized.cooking,available,78,3%,10,"Business,Education,Technology",,,
acceptant.cooking,available,78,1%,9,"Education,Healthcare",,,
accessible.cooking,available,78,21%,10,"Healthcare,Retail,Technology",,,
accurate.cooking,available,78,16%,8,"Engineering,Mathematics,Science",,,
athletic.cooking,available,78,15%,8,"Health and Fitness,Sports",,,
dormant.cooking,available,78,4%,7,"Medicine,Science",,,
fifteenth.cooking,available,76,2%,9,Mathematics,,,
abrasive.cooking,available,76,6%,8,"Construction,Manufacturing",,,
thousandth.cooking,available,76,1%,10,Mathematics,,,
threed.cooking,available,76,7%,7,Technology,,,
ague.cooking,available,76,2%,4,"Geography,Medicine,Science",,,
hundredth.cooking,available,76,1%,9,Mathematics,,,
acoustic.cooking,available,76,14%,8,Science,,,
ventral.cooking,available,76,3%,7,Science,,,
energizing.cooking,available,76,3%,10,"Food and Beverage,Health and Fitness,Travel",,,
fourteenth.cooking,available,76,1%,10,Mathematics,,,
resultant.cooking,available,76,2%,9,"Healthcare,Insurance,Transportation",,,
ancillary.cooking,available,76,6%,9,"Healthcare,Manufacturing,Technology",,,
thirteenth.cooking,available,76,4%,10,Mathematics,,,
adherent.cooking,available,76,4%,8,"Politics,Religion",,,
improvise.cooking,available,76,4%,9,Entertainment,,,
adhesive.cooking,available,76,7%,8,"Construction,Manufacturing,Technology",,,
addable.cooking,available,76,2%,7,"Engineering,Mathematics,Science",,,
adaptable.cooking,available,76,9%,9,"Business,Education,Technology",,,
firstrate.cooking,available,76,6%,10,Business,,,
nineteenth.cooking,available,76,3%,10,Mathematics,,,
eighteen.cooking,available,76,7%,8,Mathematics,,,
adaptive.cooking,available,76,28%,8,"Business,Education,Technology",,,
auxiliary.cooking,available,76,7%,9,"Healthcare,Manufacturing,Technology",,,
incidental.cooking,available,76,4%,10,"Healthcare,Insurance,Transportation",,,
obscene.cooking,available,76,5%,7,"Entertainment,Media",,,
adipose.cooking,available,76,2%,7,"Healthcare,Science",,,
diamond.cooking,available,76,32%,7,Fashion,,,
manageable.cooking,available,74,4%,10,"Business,Education,Technology",,,
realizable.cooking,available,74,1%,10,"Business,Education,Technology",,,
adapted.cooking,available,74,6%,7,"Healthcare,Manufacturing,Technology",,,
abnormal.cooking,available,74,16%,8,"Medicine,Science",,,
acuate.cooking,available,74,2%,6,"Engineering,Medicine,Science",,,
broad.cooking,available,74,13%,5,"Entertainment,General,Media",,,
achievable.cooking,available,74,4%,10,"Business,Education,Technology",,,
mavin.cooking,available,74,7%,5,"Entertainment,Fashion,Technology",,,
accepting.cooking,available,74,3%,9,"Education,Healthcare",,,
adrenergic.cooking,available,74,1%,10,"Education,Healthcare,Science",,,
cleared.cooking,available,74,7%,7,"Healthcare,Law,Transportation",,,
admirable.cooking,available,74,5%,9,"Business,Education,Healthcare",,,
single.cooking,available,74,19%,6,Sports,,,
activated.cooking,available,74,9%,9,"Healthcare,Manufacturing,Technology",,,
aberrant.cooking,available,74,6%,8,"Medicine,Science",,,
skilful.cooking,available,74,3%,7,"Education,Health and Fitness,Sports",,,
playing.cooking,available,74,12%,7,Entertainment,,,
supra.cooking,available,74,25%,5,"Medicine,Science",,,
adamant.cooking,available,74,14%,7,Religion,,,
sensation.cooking,available,74,7%,9,"Entertainment,Media,Sports",,,
adenoid.cooking,available,74,1%,7,"Health and Fitness,Medicine,Science",,,
accusative.cooking,available,72,0%,10,"Humanities,Law",,,
adaptative.cooking,available,72,1%,10,"Business,Education,Technology",,,
sixtieth.cooking,available,72,1%,8,Mathematics,,,
adjectival.cooking,available,72,1%,10,Education,,,
liv.cooking,available,72,27%,3,Mathematics,,,
seventieth.cooking,available,72,1%,10,Mathematics,,,
adiabatic.cooking,available,72,3%,9,"Engineering,Science",,,
ablaze.cooking,available,72,6%,6,Entertainment,,,
addicted.cooking,available,72,9%,8,Healthcare,,,
engrossed.cooking,available,72,1%,9,"Entertainment,Media,Technology",,,
accustomed.cooking,available,72,1%,10,"Business,Education,Humanities",,,
adjunctive.cooking,available,72,1%,10,"Healthcare,Manufacturing,Technology",,,
aching.cooking,available,72,4%,6,Healthcare,,,
absolutist.cooking,available,72,1%,10,"Humanities,Law,Politics",,,
trinity.cooking,available,72,18%,7,Religion,,,
abloom.cooking,available,72,5%,6,Agriculture,,,
eightieth.cooking,available,72,1%,9,Mathematics,,,
improvize.cooking,available,72,1%,9,Entertainment,,,
ternary.cooking,available,72,7%,7,Mathematics,,,
absorbed.cooking,available,72,2%,8,"Entertainment,Media,Technology",,,
abreast.cooking,available,72,2%,7,"Business,Technology",,,
existent.cooking,available,72,3%,8,"Mathematics,Science",,,
trey.cooking,available,72,14%,4,Sports,,,
adonic.cooking,available,72,2%,6,"Arts,Education,Entertainment",,,
champion.cooking,available,72,28%,8,"Entertainment,Health and Fitness,Sports",,,
ninetieth.cooking,available,72,1%,9,Mathematics,,,
gymnastic.cooking,available,70,3%,9,"Entertainment,Sports",,,
adjusted.cooking,available,70,5%,8,"Manufacturing,Retail,Technology",,,
abulic.cooking,available,70,1%,6,Medicine,,,
absorbing.cooking,available,70,3%,9,"Entertainment,Media,Technology",,,
recumbent.cooking,available,70,2%,9,"Healthcare,Medicine,Science",,,
unity.cooking,available,70,40%,5,Mathematics,,,
stillborn.cooking,available,70,2%,9,"Medicine,Science",,,
adored.cooking,available,70,6%,6,"Entertainment,Fashion,Retail",,,
tiptop.cooking,available,70,24%,6,Fashion,,,
adamantine.cooking,available,70,4%,10,Religion,,,
accumbent.cooking,available,70,1%,9,"Healthcare,Medicine,Science",,,
consequent.cooking,available,70,3%,10,"Business,Education,General,Technology",,,
abradant.cooking,available,70,1%,8,"Construction,Manufacturing",,,
acuminate.cooking,available,70,1%,9,"Engineering,Medicine,Science",,,
lowdown.cooking,available,70,6%,8,"Entertainment,Media",,,
admired.cooking,available,70,5%,7,"Business,Education,Healthcare",,,
offhand.cooking,available,70,2%,7,Entertainment,,,
skillful.cooking,available,70,9%,8,"Education,Health and Fitness,Sports",,,
practiced.cooking,available,70,3%,9,"Education,Health and Fitness,Sports",,,
miserable.cooking,available,70,4%,9,Humanities,,,
vindicated.cooking,available,68,2%,10,"Humanities,Law,Politics",,,
ane.cooking,available,68,12%,3,Mathematics,,,
achaian.cooking,available,68,2%,7,Humanities,,,
septenary.cooking,available,68,1%,9,Mathematics,,,
decorated.cooking,available,68,3%,9,"Entertainment,Fashion,Retail",,,
stygian.cooking,available,68,5%,7,Humanities,,,
licenced.cooking,available,68,2%,8,"Business,Healthcare,Insurance",,,
aberdonian.cooking,available,68,1%,10,Geography,,,
ennead.cooking,available,68,5%,6,Mathematics,,,
achaean.cooking,available,68,2%,7,Humanities,,,
licensed.cooking,available,68,5%,8,"Business,Healthcare,Insurance",,,
thirtieth.cooking,available,68,1%,9,Mathematics,,,
disciple.cooking,available,68,14%,8,"Education,Religion",,,
sevener.cooking,available,68,1%,7,Mathematics,,,
ablative.cooking,available,68,3%,8,Science,,,
abnaki.cooking,available,68,1%,6,Geography,,,
overseas.cooking,available,68,12%,8,"Hospitality,Travel",,,
acerate.cooking,available,68,1%,7,Science,,,
aculeate.cooking,available,68,1%,8,"Engineering,Medicine,Science",,,
fiftieth.cooking,available,68,0%,8,Mathematics,,,
accredited.cooking,available,68,9%,10,"Business,Education,Healthcare",,,
aroused.cooking,available,68,3%,7,"Entertainment,Health and Fitness",,,
abducent.cooking,available,68,0%,8,Medicine,,,
threesome.cooking,available,68,5%,9,Entertainment,,,
foursome.cooking,available,68,4%,8,Sports,,,
fortieth.cooking,available,68,0%,8,Mathematics,,,
activating.cooking,available,68,3%,10,"Healthcare,Manufacturing,Technology",,,
scurvy.cooking,available,68,3%,6,Humanities,,,
abkhas.cooking,available,68,0%,6,Geography,,,
octonary.cooking,available,68,1%,8,Mathematics,,,
adorned.cooking,available,66,5%,7,"Entertainment,Fashion,Retail",,,
buzzing.cooking,available,66,7%,7,"Entertainment,Media,Technology",,,
fifty.cooking,available,66,12%,5,Mathematics,,,
performing.cooking,available,66,6%,10,Entertainment,,,
acrobatic.cooking,available,66,4%,9,"Entertainment,Sports",,,
tenner.cooking,available,66,5%,6,Finance,,,
teenager.cooking,available,66,4%,8,"Education,Entertainment,Healthcare",,,
xiii.cooking,available,66,9%,4,Mathematics,,,
acervate.cooking,available,66,1%,8,Science,,,
four.cooking,available,66,27%,4,Mathematics,,,
xxvi.cooking,available,66,3%,4,Mathematics,,,
xvi.cooking,available,66,5%,3,Mathematics,,,
onec.cooking,available,66,6%,5,Mathematics,,,
exonerated.cooking,available,66,2%,10,"Humanities,Law,Politics",,,
adopted.cooking,available,66,4%,7,"Education,Healthcare",,,
xxi.cooking,available,66,10%,3,Mathematics,,,
sextet.cooking,available,66,1%,6,Entertainment,,,
xvii.cooking,available,66,5%,4,Mathematics,,,
century.cooking,available,66,17%,7,Education,,,
accessary.cooking,available,66,1%,9,"Business,Law,Technology",,,
deuce.cooking,available,66,9%,5,Sports,,,
eighty.cooking,available,66,6%,6,Mathematics,,,
acappella.cooking,available,66,6%,10,Entertainment,,,
five.cooking,available,66,26%,4,Mathematics,,,
modish.cooking,available,66,5%,6,Fashion,,,
maven.cooking,available,66,30%,5,"Entertainment,Fashion,Technology",,,
xii.cooking,available,66,10%,3,Mathematics,,,
clv.cooking,available,66,10%,3,Mathematics,,,
thirty.cooking,available,66,8%,6,Mathematics,,,
according.cooking,available,66,3%,9,"Business,Education,Technology",,,
xxv.cooking,available,66,6%,3,Mathematics,,,
latest.cooking,available,66,18%,6,Technology,,,
xviii.cooking,available,66,5%,5,Mathematics,,,
xxii.cooking,available,66,6%,4,Mathematics,,,
six.cooking,available,66,26%,3,Mathematics,,,
abstinent.cooking,available,66,1%,9,"Health and Fitness,Religion",,,
ninety.cooking,available,66,11%,6,Mathematics,,,
ccc.cooking,available,64,38%,3,Mathematics,,,
absolved.cooking,available,64,1%,8,"Humanities,Law,Religion",,,
astringent.cooking,available,64,1%,10,"Healthcare,Pharmaceuticals",,,
acentric.cooking,available,64,2%,8,Science,,,
rising.cooking,available,64,18%,6,"Construction,Manufacturing,Real Estate",,,
nondrinker.cooking,available,64,1%,10,"Health and Fitness,Religion",,,
deviant.cooking,available,64,12%,7,"Medicine,Science",,,
adagio.cooking,available,64,14%,6,Entertainment,,,
aflame.cooking,available,64,3%,6,Entertainment,,,
scatty.cooking,available,64,1%,6,"Arts,Entertainment,Media",,,
accordant.cooking,available,64,3%,9,"Arts,Entertainment",,,
activistic.cooking,available,62,1%,10,"Humanities,Politics",,,
adoptive.cooking,available,62,1%,8,"Education,Healthcare",,,
activation.cooking,available,62,16%,10,"Healthcare,Manufacturing,Technology",,,
longdozen.cooking,available,62,2%,10,Mathematics,,,
quartet.cooking,available,62,7%,7,"Arts,Entertainment",,,
playacting.cooking,available,62,1%,10,Entertainment,,,
fortyfour.cooking,available,62,6%,10,Mathematics,,,
eleventh.cooking,available,62,5%,8,Mathematics,,,
chiliad.cooking,available,62,2%,7,Mathematics,,,
admissible.cooking,available,62,1%,10,"Education,Healthcare,Law",,,
aborigine.cooking,available,62,1%,9,Humanities,,,
accrued.cooking,available,62,2%,7,"Banking,Finance,Insurance",,,
troika.cooking,available,62,8%,6,Politics,,,
sixteenth.cooking,available,62,1%,9,Mathematics,,,
aufait.cooking,available,62,3%,7,"Fashion,Media",,,
adjuvant.cooking,available,62,5%,8,"Healthcare,Manufacturing,Technology",,,
abo.cooking,available,62,15%,3,Science,,,
ensuant.cooking,available,62,1%,7,"Healthcare,Insurance,Transportation",,,
nail.cooking,available,62,16%,4,"Construction,Fashion,General,Retail",,,
cumulative.cooking,available,62,2%,10,"Banking,Finance,Insurance",,,
exculpated.cooking,available,62,1%,10,"Humanities,Law,Politics",,,
wrapped.cooking,available,62,13%,7,"Fashion,Hospitality,Retail",,,
orso.cooking,available,62,9%,5,"Business,Media,Technology",,,
accusing.cooking,available,62,1%,8,Law,,,
roughly.cooking,available,62,3%,7,"Business,Media,Technology",,,
acidic.cooking,available,62,5%,6,"Food and Beverage,Science",,,
twodozen.cooking,available,62,1%,9,Mathematics,,,
pungent.cooking,available,62,1%,7,Food and Beverage,,,
eightysix.cooking,available,60,7%,10,Mathematics,,,
aboveboard.cooking,available,60,5%,10,"Business,Law",,,
abstainer.cooking,available,60,0%,9,"Health and Fitness,Religion",,,
cxxv.cooking,available,60,1%,4,Mathematics,,,
cxlv.cooking,available,60,2%,4,Mathematics,,,
clxxv.cooking,available,60,1%,5,Mathematics,,,
annexal.cooking,available,60,1%,7,"Agriculture,Manufacturing,Retail",,,
cxxx.cooking,available,60,4%,4,Mathematics,,,
clxx.cooking,available,60,3%,4,Mathematics,,,
cautionary.cooking,available,60,1%,10,"Business,Education,Healthcare",,,
tertiary.cooking,available,60,4%,8,Education,,,
paunchy.cooking,available,60,0%,7,"Health and Fitness,Medicine",,,
clx.cooking,available,60,10%,3,Mathematics,,,
cxl.cooking,available,60,7%,3,Mathematics,,,
cxv.cooking,available,60,4%,3,Mathematics,,,
cxx.cooking,available,60,10%,3,Mathematics,,,
idolised.cooking,available,60,1%,8,"Entertainment,Fashion,Retail",,,
thou.cooking,available,60,7%,4,Mathematics,,,
cxxxv.cooking,available,60,2%,5,Mathematics,,,
clxxx.cooking,available,60,1%,5,Mathematics,,,
clxv.cooking,available,60,1%,4,Mathematics,,,
sixty.cooking,available,60,13%,5,Mathematics,,,
xcl.cooking,available,60,5%,3,Mathematics,,,
adnate.cooking,available,60,1%,6,"Agriculture,Manufacturing,Retail",,,
acceptive.cooking,available,60,1%,9,"Education,Healthcare",,,
idolized.cooking,available,60,3%,8,"Entertainment,Fashion,Retail",,,
octet.cooking,available,60,12%,5,Arts,,,
abashed.cooking,available,60,1%,7,Humanities,,,
adnexal.cooking,available,60,1%,7,"Agriculture,Manufacturing,Retail",,,
abstemious.cooking,available,60,0%,10,"Food and Beverage,Health and Fitness,Hospitality",,,
tercet.cooking,available,59,2%,6,"Arts,Entertainment,Media",,,
twelfth.cooking,available,58,2%,7,Mathematics,,,
accented.cooking,available,58,3%,8,"Arts,Entertainment",,,
octad.cooking,available,58,5%,5,Mathematics,,,
heptad.cooking,available,58,1%,6,Mathematics,,,
quintet.cooking,available,58,8%,7,"Arts,Entertainment",,,
accoutred.cooking,available,58,1%,9,"Fashion,Manufacturing,Retail",,,
closeto.cooking,available,58,3%,8,"Business,Media,Technology",,,
fourth.cooking,available,58,13%,6,Mathematics,,,
actuarial.cooking,available,58,8%,9,"Finance,Insurance,Mathematics",,,
addressed.cooking,available,58,3%,9,"Business,Technology,Telecommunications",,,
adhoc.cooking,available,58,24%,6,"Business,Engineering,Technology",,,
centesimal.cooking,available,58,1%,10,Mathematics,,,
eighter.cooking,available,58,2%,7,Mathematics,,,
accretive.cooking,available,58,6%,9,"Banking,Finance,Insurance",,,
sextuplet.cooking,available,58,1%,9,Healthcare,,,
aucourant.cooking,available,58,3%,10,"Fashion,Media",,,
offhanded.cooking,available,58,1%,9,Entertainment,,,
pentad.cooking,available,58,2%,6,Mathematics,,,
alacarte.cooking,available,58,11%,10,Food and Beverage,,,
lxxx.cooking,available,58,2%,4,Mathematics,,,
lxxviii.cooking,available,58,1%,7,Mathematics,,,
addible.cooking,available,58,2%,7,"Engineering,Mathematics,Science",,,
sixer.cooking,available,58,5%,5,Sports,,,
seventy.cooking,available,58,7%,7,Mathematics,,,
ache.cooking,available,58,7%,4,Healthcare,,,
abandoned.cooking,available,58,10%,9,"Construction,Real Estate",,,
abused.cooking,available,58,5%,6,"Healthcare,Law",,,
adjustive.cooking,available,58,1%,9,"Manufacturing,Retail,Technology",,,
fifth.cooking,available,58,12%,5,Mathematics,,,
acetic.cooking,available,58,1%,6,"Food and Beverage,Science",,,
abridged.cooking,available,58,4%,8,Media,,,
abuzz.cooking,available,58,5%,5,"Entertainment,Media,Technology",,,
acyclic.cooking,available,58,4%,7,"Engineering,Mathematics,Science",,,
enwrapped.cooking,available,58,0%,9,"Entertainment,Fashion,Media",,,
hexad.cooking,available,58,4%,5,Mathematics,,,
linear.cooking,available,58,22%,6,"Engineering,Mathematics,Science",,,
fourscore.cooking,available,58,4%,9,Mathematics,,,
justabout.cooking,available,58,3%,10,"Business,Media,Technology",,,
seven.cooking,available,58,36%,5,Mathematics,,,
niner.cooking,available,58,5%,5,Mathematics,,,
sixtyone.cooking,available,58,3%,9,Mathematics,,,
tetrad.cooking,available,58,5%,6,Mathematics,,,
adient.cooking,available,58,4%,6,"Medicine,Science",,,
cypher.cooking,available,58,29%,6,Mathematics,,,
xxiii.cooking,available,56,5%,5,Mathematics,,,
xlviii.cooking,available,56,1%,6,Mathematics,,,
triad.cooking,available,56,15%,5,Arts,,,
xlv.cooking,available,56,6%,3,Mathematics,,,
fiftyfour.cooking,available,56,3%,10,Mathematics,,,
abeyant.cooking,available,56,1%,7,"Business,Law",,,
aone.cooking,available,56,15%,5,Food and Beverage,,,
lvii.cooking,available,56,1%,4,Mathematics,,,
lviii.cooking,available,56,1%,5,Mathematics,,,
potbellied.cooking,available,56,0%,10,"Health and Fitness,Medicine",,,
appressed.cooking,available,56,0%,9,"Agriculture,Manufacturing,Retail",,,
xxxviii.cooking,available,56,1%,7,Mathematics,,,
xlvi.cooking,available,56,3%,4,Mathematics,,,
maledict.cooking,available,56,1%,8,Religion,,,
xxxi.cooking,available,56,9%,4,Mathematics,,,
xliv.cooking,available,56,2%,4,Mathematics,,,
fiftyone.cooking,available,56,7%,9,Mathematics,,,
fortyone.cooking,available,56,4%,9,Mathematics,,,
abdominous.cooking,available,56,0%,10,"Health and Fitness,Medicine",,,
terzetto.cooking,available,56,3%,8,Arts,,,
xli.cooking,available,56,5%,3,Mathematics,,,
lii.cooking,available,56,7%,3,Mathematics,,,
xxix.cooking,available,56,4%,4,Mathematics,,,
xxxvi.cooking,available,56,1%,5,Mathematics,,,
xxxvii.cooking,available,56,2%,6,Mathematics,,,
admissive.cooking,available,56,1%,9,"Education,Healthcare,Hospitality",,,
fiftysix.cooking,available,56,4%,9,Mathematics,,,
addled.cooking,available,56,2%,6,Entertainment,,,
fortysix.cooking,available,56,3%,9,Mathematics,,,
xxvii.cooking,available,56,3%,5,Mathematics,,,
xxxiii.cooking,available,56,2%,6,Mathematics,,,
admittible.cooking,available,56,1%,10,"Education,Healthcare,Hospitality",,,
fiftyfive.cooking,available,56,7%,10,Mathematics,,,
accoutered.cooking,available,56,0%,10,"Fashion,Manufacturing,Retail",,,
thirtyone.cooking,available,56,5%,10,Mathematics,,,
thirtytwo.cooking,available,56,5%,10,Mathematics,,,
admittable.cooking,available,56,1%,10,"Education,Healthcare,Hospitality",,,
xliii.cooking,available,56,1%,5,Mathematics,,,
xlvii.cooking,available,56,2%,5,Mathematics,,,
xxxv.cooking,available,56,4%,4,Mathematics,,,
thirtysix.cooking,available,56,5%,10,Mathematics,,,
fortynine.cooking,available,56,3%,10,Mathematics,,,
xxxii.cooking,available,56,1%,5,Mathematics,,,
fiftynine.cooking,available,56,4%,10,Mathematics,,,
xlii.cooking,available,56,5%,4,Mathematics,,,
lvi.cooking,available,56,8%,3,Mathematics,,,
fiftytwo.cooking,available,56,6%,9,Mathematics,,,
xxxiv.cooking,available,56,1%,5,Mathematics,,,
ilx.cooking,available,56,5%,3,Mathematics,,,
liii.cooking,available,56,4%,4,Mathematics,,,
xxviii.cooking,available,56,1%,6,Mathematics,,,
fortytwo.cooking,available,56,17%,9,Mathematics,,,
xxiv.cooking,available,56,5%,4,Mathematics,,,
halfdozen.cooking,available,56,1%,10,Mathematics,,,
quaternity.cooking,available,54,4%,10,Mathematics,,,
unnatural.cooking,available,54,4%,9,"Medicine,Science",,,
fortyfive.cooking,available,54,4%,10,Mathematics,,,
sise.cooking,available,54,5%,4,Mathematics,,,
aboral.cooking,available,54,2%,6,Science,,,
acoustical.cooking,available,54,4%,10,Science,,,
achy.cooking,available,54,3%,4,Healthcare,,,
adaxial.cooking,available,54,2%,7,Science,,,
monitory.cooking,available,54,3%,8,"Business,Education,Healthcare",,,
deuceace.cooking,available,54,2%,9,Sports,,,
scratchy.cooking,available,54,3%,8,Fashion,,,
abatic.cooking,available,54,1%,6,Science,,,
actuated.cooking,available,54,2%,8,"Automotive,Manufacturing,Technology",,,
accursed.cooking,available,54,3%,8,"Entertainment,Media,Religion",,,
vii.cooking,available,54,13%,3,Mathematics,,,
fin.cooking,available,54,30%,3,Finance,,,
abducens.cooking,available,54,1%,8,Medicine,,,
ternion.cooking,available,54,3%,7,Mathematics,,,
abasic.cooking,available,54,1%,6,Science,,,
abient.cooking,available,54,1%,6,Science,,,
abhorrent.cooking,available,54,1%,9,Humanities,,,
adductive.cooking,available,54,0%,9,"Engineering,Mathematics,Science",,,
viii.cooking,available,54,6%,4,Mathematics,,,
abaxial.cooking,available,54,1%,7,Science,,,
accentual.cooking,available,54,3%,9,"Arts,Entertainment",,,
quatern.cooking,available,54,2%,7,Mathematics,,,
twoscore.cooking,available,54,2%,8,Mathematics,,,
adducting.cooking,available,54,1%,9,"Engineering,Mathematics,Science",,,
adpressed.cooking,available,54,0%,9,"Agriculture,Manufacturing,Retail",,,
iii.cooking,available,54,24%,3,Mathematics,,,
quaternion.cooking,available,54,6%,10,Mathematics,,,
topnotch.cooking,available,54,18%,8,Business,,,
threescore.cooking,available,54,1%,10,Mathematics,,,
abatable.cooking,available,54,1%,8,Law,,,
deserted.cooking,available,54,3%,8,"Hospitality,Real Estate",,,
quadruplet.cooking,available,54,1%,10,"Healthcare,Medicine,Science",,,
admonitory.cooking,available,54,0%,10,"Business,Education,Healthcare",,,
quintuplet.cooking,available,54,1%,10,"Healthcare,Medicine,Science",,,
adjuratory.cooking,available,54,0%,10,"Law,Politics,Religion",,,
adducent.cooking,available,54,1%,8,"Engineering,Mathematics,Science",,,
achromatic.cooking,available,54,4%,10,Science,,,
sestet.cooking,available,53,1%,6,Arts,,,
septet.cooking,available,53,1%,6,General,,,
lxvi.cooking,available,52,3%,4,Mathematics,,,
adenoidal.cooking,available,52,1%,9,"Health and Fitness,Medicine,Science",,,
ninetysix.cooking,available,52,4%,10,Mathematics,,,
xcv.cooking,available,52,7%,3,Mathematics,,,
lxvii.cooking,available,52,1%,5,Mathematics,,,
xciv.cooking,available,52,2%,4,Mathematics,,,
lxxvii.cooking,available,52,2%,6,Mathematics,,,
xcvii.cooking,available,52,1%,5,Mathematics,,,
lxii.cooking,available,52,1%,4,Mathematics,,,
detestable.cooking,available,52,1%,10,Humanities,,,
lxxiv.cooking,available,52,1%,5,Mathematics,,,
lxxxii.cooking,available,52,1%,6,Mathematics,,,
lxxxvi.cooking,available,52,1%,6,Mathematics,,,
ixl.cooking,available,52,9%,3,Mathematics,,,
abstruse.cooking,available,52,5%,8,"Humanities,Mathematics,Science",,,
ninetytwo.cooking,available,52,4%,10,Mathematics,,,
tierce.cooking,available,52,3%,6,General,,,
xcvi.cooking,available,52,2%,4,Mathematics,,,
lxxii.cooking,available,52,1%,5,Mathematics,,,
abusive.cooking,available,52,3%,7,"Healthcare,Law",,,
lxiv.cooking,available,52,3%,4,Mathematics,,,
lxxxvii.cooking,available,52,1%,7,Mathematics,,,
sixtyfour.cooking,available,52,3%,10,Mathematics,,,
lxxvi.cooking,available,52,1%,5,Mathematics,,,
xcii.cooking,available,52,2%,4,Mathematics,,,
lxi.cooking,available,52,5%,3,Mathematics,,,
abominable.cooking,available,52,2%,10,"Entertainment,Humanities",,,
lxxi.cooking,available,52,1%,4,Mathematics,,,
xci.cooking,available,52,4%,3,Mathematics,,,
lxxxiv.cooking,available,52,1%,6,Mathematics,,,
decumbent.cooking,available,52,1%,9,"Healthcare,Medicine,Science",,,
sixtyfive.cooking,available,52,3%,10,Mathematics,,,
aboulic.cooking,available,52,1%,7,Medicine,,,
uphill.cooking,available,52,7%,6,"Sports,Transportation,Travel",,,
repugnant.cooking,available,52,1%,9,Humanities,,,
lxxxv.cooking,available,52,1%,5,Mathematics,,,
sixtytwo.cooking,available,52,3%,9,Mathematics,,,
lxviii.cooking,available,52,1%,6,Mathematics,,,
chagrined.cooking,available,52,1%,9,Humanities,,,
xciii.cooking,available,52,1%,5,Mathematics,,,
eightytwo.cooking,available,52,4%,10,Mathematics,,,
lxxiii.cooking,available,52,1%,6,Mathematics,,,
abysmal.cooking,available,52,4%,7,"Arts,Entertainment,Media",,,
lxxxiii.cooking,available,52,1%,7,Mathematics,,,
xcviii.cooking,available,52,1%,6,Mathematics,,,
littlejoe.cooking,available,52,2%,10,"Entertainment,Media",,,
ninetyone.cooking,available,52,5%,10,Mathematics,,,
ixc.cooking,available,52,5%,3,Mathematics,,,
lxxxi.cooking,available,52,1%,5,Mathematics,,,
ablated.cooking,available,52,1%,7,Science,,,
sixtysix.cooking,available,52,4%,9,Mathematics,,,
eightyone.cooking,available,52,3%,10,Mathematics,,,
lxxv.cooking,available,52,1%,4,Mathematics,,,
repulsive.cooking,available,52,1%,9,Humanities,,,
lxiii.cooking,available,52,2%,5,Mathematics,,,
lxv.cooking,available,52,5%,3,Mathematics,,,
odious.cooking,available,52,2%,6,"Entertainment,Humanities",,,
trine.cooking,available,50,11%,5,"General,Religion",,,
cinque.cooking,available,50,7%,6,Mathematics,,,
gillless.cooking,available,50,0%,9,Science,,,
abomasal.cooking,available,50,0%,8,Agriculture,,,
abranchial.cooking,available,50,0%,10,Science,,,
acerbic.cooking,available,50,2%,7,"Arts,Humanities,Media",,,
acaudal.cooking,available,50,1%,7,"Agriculture,Science",,,
abactinal.cooking,available,50,0%,9,Science,,,
scummy.cooking,available,50,1%,6,Humanities,,,
spinous.cooking,available,50,1%,7,"Agriculture,Science",,,
vinegary.cooking,available,50,1%,8,Food and Beverage,,,
acetose.cooking,available,50,1%,7,Science,,,
acapnic.cooking,available,50,0%,7,"Healthcare,Medicine,Science",,,
acerb.cooking,available,50,2%,5,Science,,,
acellular.cooking,available,50,1%,9,Science,,,
adhominem.cooking,available,50,2%,10,"Humanities,Law,Politics",,,
triplet.cooking,available,50,8%,7,Science,,,
quint.cooking,available,50,13%,5,"Arts,Entertainment",,,
broached.cooking,available,50,0%,8,Food and Beverage,,,
acquitted.cooking,available,50,1%,9,Law,,,
needlelike.cooking,available,50,0%,10,"Engineering,Medicine,Science",,,
abducting.cooking,available,50,0%,9,Medicine,,,
aculeated.cooking,available,50,0%,9,"Engineering,Medicine,Science",,,
acerose.cooking,available,50,1%,7,Science,,,
abbatial.cooking,available,50,0%,8,Religion,,,
adactylous.cooking,available,50,0%,10,Science,,,
abdicable.cooking,available,50,0%,9,Law,,,
acetous.cooking,available,50,1%,7,Science,,,
aborticide.cooking,available,50,0%,10,Medicine,,,
ogdoad.cooking,available,50,1%,6,Mathematics,,,
acapnotic.cooking,available,50,0%,9,"Healthcare,Medicine,Science",,,
lxx.cooking,available,50,5%,3,Mathematics,,,
abyssal.cooking,available,48,12%,7,"Arts,Entertainment,Media",,,
ilxxx.cooking,available,48,1%,5,Mathematics,,,
lxxxviii.cooking,available,48,1%,8,Mathematics,,,
execrable.cooking,available,48,0%,9,"Entertainment,Humanities",,,
apriori.cooking,available,48,13%,8,Mathematics,,,
notguilty.cooking,available,48,5%,10,Law,,,
abstracted.cooking,available,48,5%,10,"Arts,Humanities,Science",,,
ilxx.cooking,available,48,1%,4,Mathematics,,,
cotyloid.cooking,available,46,1%,8,Science,,,
acicular.cooking,available,46,2%,8,Science,,,
acetonic.cooking,available,46,1%,8,Science,,,
achromic.cooking,available,46,2%,8,Science,,,
achromous.cooking,available,46,1%,9,Science,,,
achenial.cooking,available,46,1%,8,Science,,,
stemless.cooking,available,46,2%,8,"Agriculture,Science",,,
acarpous.cooking,available,46,0%,8,"Agriculture,Science",,,
acetylenic.cooking,available,46,1%,10,Science,,,
theabsurd.cooking,available,46,1%,10,"Arts,Entertainment,Media",,,
acanthoid.cooking,available,46,1%,9,"Agriculture,Science",,,
acetylic.cooking,available,46,1%,8,Science,,,
acaudate.cooking,available,46,1%,8,"Agriculture,Science",,,
acheronian.cooking,available,46,1%,10,Humanities,,,
vinegarish.cooking,available,46,1%,10,Food and Beverage,,,
acetabular.cooking,available,46,1%,10,Science,,,
acanthous.cooking,available,46,0%,9,"Agriculture,Science",,,
acephalous.cooking,available,46,1%,10,Science,,,
acarpelous.cooking,available,46,0%,10,"Agriculture,Science",,,
acapnial.cooking,available,46,0%,8,"Healthcare,Medicine,Science",,,
quaternary.cooking,available,46,3%,10,Mathematics,,,
stripling.cooking,available,46,2%,9,"Education,Entertainment,Healthcare",,,
acanthotic.cooking,available,46,0%,10,"Agriculture,Science",,,
acherontic.cooking,available,44,1%,10,Humanities,,,
cotyloidal.cooking,available,44,1%,10,Science,,,
accusatory.cooking,available,44,1%,10,Law,,,
phoebe.cooking,available,41,14%,6,Science,,,
abscessed.cooking,available,41,0%,9,Healthcare,,,
accurst.cooking,available,40,1%,7,Religion,,,
scurrilous.cooking,available,40,1%,10,"Entertainment,Media,Politics",,,
accusive.cooking,available,40,1%,8,Law,,,